{"cameraMode":{"drawMode":0,"name":"Shaded","section":"Shading Mode"},"sceneLighting":true,"audioPlay":false,"sceneViewState":{"m_AlwaysRefresh":false,"showFog":true,"showSkybox":true,"showFlares":true,"showImageEffects":true,"showParticleSystems":true,"showVisualEffectGraphs":true,"m_FxEnabled":true},"in2DMode":false,"pivot":{"x":-0.45035839080810549,"y":1.329303503036499,"z":3.454324722290039},"rotation":{"x":0.02986419014632702,"y":0.09342321008443833,"z":-0.002803525421768427,"w":0.9951749444007874},"size":0.6138686537742615,"orthographic":true}