{"cameraMode":{"drawMode":0,"name":"Shaded","section":"Shading Mode"},"sceneLighting":true,"audioPlay":false,"sceneViewState":{"m_AlwaysRefresh":false,"showFog":true,"showSkybox":true,"showFlares":true,"showImageEffects":true,"showParticleSystems":true,"showVisualEffectGraphs":true,"m_FxEnabled":true},"in2DMode":false,"pivot":{"x":0.11005157232284546,"y":1.2694741487503052,"z":4.1236371994018559},"rotation":{"x":0.11373763531446457,"y":-0.7060363292694092,"z":0.11645322293043137,"w":0.6892755031585693},"size":1.0053026676177979,"orthographic":true}