{"cameraMode":{"drawMode":0,"name":"Shaded","section":"Shading Mode"},"sceneLighting":true,"audioPlay":false,"sceneViewState":{"m_AlwaysRefresh":false,"showFog":true,"showSkybox":true,"showFlares":true,"showImageEffects":true,"showParticleSystems":true,"showVisualEffectGraphs":true,"m_FxEnabled":true},"in2DMode":false,"pivot":{"x":-0.8081106543540955,"y":1.6138243675231934,"z":3.7466304302215578},"rotation":{"x":0.1525239497423172,"y":0.5151720643043518,"z":-0.09374947100877762,"w":0.8381969928741455},"size":2.1790058612823488,"orthographic":true}